"","id","name","received_effect","influence"
"1","Module1","Module1",3.1164808030214,-0.193903577015489
"2","Module2","Module2",0.933494266269517,0.229077066632763
"3","Module3","Module3",0.43268137209133,0.245767539187451
"4","Module4","Module4",1.45760022602776,-0.0228706409393806
"5","Module5","Module5",2.15285977854045,-0.256124591721838
